,Country,Region,Population,Area (sq. mi.),Pop. Density (per sq. mi.),Coastline (coast/area ratio),Net migration,Infant mortality (per 1000 births),GDP ($ per capita),Literacy (%),Phones (per 1000),Arable (%),Crops (%),Other (%),Climate,Birthrate,Deathrate,Agriculture,Industry,Service
0,0,0,31056997.0,647500.0,48.0,0.0,23.06,163.07,700.0,36.0,3.2,12.13,0.22,87.65,0,46.6,20.34,0.38,0.24,0.38
1,1,3,3581655.0,28748.0,124.6,1.26,-4.93,21.52,4500.0,86.5,71.2,21.09,4.42,74.49,4,15.11,5.22,0.232,0.188,0.579
2,2,6,32930091.0,2381740.0,13.8,0.04,-0.39,31.0,6000.0,70.0,78.1,3.22,0.25,96.53,0,17.14,4.61,0.101,0.6,0.298
3,3,8,57794.0,199.0,290.4,58.29,-20.71,9.27,8000.0,97.0,259.5,10.0,15.0,75.0,2,22.46,3.27,0.15084433962264152,0.28271090047393366,0.5652830188679244
4,4,10,71201.0,468.0,152.1,0.0,6.6,4.05,19000.0,100.0,497.2,2.22,0.0,97.78,4,8.71,6.25,0.15084433962264152,0.28271090047393366,0.5652830188679244
5,5,9,12127071.0,1246700.0,9.7,0.13,0.0,191.19,1900.0,42.0,7.8,2.41,0.24,97.35,2,45.11,24.2,0.096,0.658,0.246
6,6,4,13477.0,102.0,132.1,59.8,10.76,21.03,8600.0,95.0,460.0,0.0,0.0,100.0,2,14.17,5.34,0.04,0.18,0.78
7,7,4,69108.0,443.0,156.0,34.54,-6.15,19.46,11000.0,89.0,549.9,18.18,4.55,77.27,2,16.93,5.37,0.038,0.22,0.743
8,8,4,39921833.0,2766890.0,14.4,0.18,0.61,15.18,11200.0,97.1,220.4,12.31,0.48,87.21,4,16.73,7.55,0.095,0.358,0.547
9,9,2,2976372.0,29800.0,99.9,0.0,-6.47,23.28,3500.0,98.6,195.7,17.55,2.3,80.15,5,12.07,8.23,0.239,0.343,0.418
10,10,4,71891.0,193.0,372.5,35.49,0.0,5.89,28000.0,97.0,516.1,10.53,0.0,89.47,2,11.03,6.68,0.004,0.333,0.663
11,11,8,20264082.0,7686850.0,2.6,0.34,3.98,4.69,29000.0,100.0,565.5,6.55,0.04,93.41,0,12.14,7.51,0.038,0.262,0.7
12,12,10,8192880.0,83870.0,97.7,0.0,2.0,4.66,30000.0,98.0,452.2,16.91,0.86,82.23,4,8.74,9.76,0.018,0.304,0.678
13,13,2,7961619.0,86600.0,91.9,0.0,-4.9,81.74,3400.0,97.0,137.1,19.63,2.71,77.66,0,20.74,9.75,0.141,0.457,0.402
14,14,4,303770.0,13940.0,21.8,25.41,-2.2,25.21,16700.0,95.6,460.6,0.8,0.4,98.8,2,17.57,9.05,0.03,0.07,0.9
15,15,5,698585.0,665.0,1050.5,24.21,1.05,17.27,16900.0,89.1,281.3,2.82,5.63,91.55,0,17.8,4.14,0.005,0.387,0.608
16,16,0,147365352.0,144000.0,1023.4,0.4,-0.71,62.6,1900.0,43.1,7.3,62.11,3.07,34.82,2,29.8,8.27,0.199,0.198,0.603
17,17,4,279912.0,431.0,649.5,22.51,-0.31,12.5,15700.0,97.4,481.9,37.21,2.33,60.46,2,12.71,8.67,0.06,0.16,0.78
18,18,2,10293011.0,207600.0,49.6,0.0,2.54,13.37,6100.0,99.6,319.1,29.55,0.6,69.85,5,11.16,14.02,0.093,0.316,0.591
19,19,10,10379067.0,30528.0,340.0,0.22,1.23,4.68,29100.0,98.0,462.6,23.28,0.4,76.32,4,10.38,10.27,0.01,0.24,0.749
20,20,4,287730.0,22966.0,12.5,1.68,0.0,25.69,4900.0,94.1,115.7,2.85,1.71,95.44,2,28.84,5.72,0.142,0.152,0.612
21,21,9,7862944.0,112620.0,69.8,0.11,0.0,85.0,1100.0,40.9,9.7,18.08,2.4,79.52,2,38.85,12.22,0.316,0.138,0.546
22,22,7,65773.0,53.0,1241.0,194.34,2.49,8.53,36000.0,98.0,851.4,20.0,0.0,80.0,2,11.4,7.74,0.01,0.1,0.89
23,23,0,2279723.0,47000.0,48.5,0.0,0.0,100.44,1300.0,42.2,14.3,3.09,0.43,96.48,2,33.65,12.7,0.258,0.379,0.363
24,24,4,8989046.0,1098580.0,8.2,0.0,-1.32,53.11,2400.0,87.2,71.9,2.67,0.19,97.14,1,23.3,7.53,0.128,0.352,0.52
25,25,3,4498976.0,51129.0,88.0,0.04,0.31,21.05,6100.0,82.83827751196175,215.4,13.6,2.96,83.44,5,8.77,8.27,0.142,0.308,0.55
26,26,9,1639833.0,600370.0,2.7,0.0,0.0,54.58,9000.0,79.8,80.5,0.65,0.01,99.34,0,23.08,29.5,0.024,0.469,0.507
27,27,4,188078227.0,8511965.0,22.1,0.09,-0.03,29.61,7600.0,86.4,225.3,6.96,0.9,92.15,2,16.56,6.17,0.084,0.4,0.516
28,28,4,23098.0,153.0,151.0,52.29,10.01,18.05,16000.0,97.8,506.5,20.0,6.67,73.33,2,14.89,4.42,0.018,0.062,0.92
29,29,0,379444.0,5770.0,65.8,2.79,3.59,12.61,18600.0,93.9,237.2,0.57,0.76,98.67,2,18.79,3.45,0.036,0.561,0.403
30,30,3,7385367.0,110910.0,66.6,0.32,-4.58,20.55,7600.0,98.6,336.3,40.02,1.92,58.06,4,9.65,14.27,0.093,0.304,0.603
31,31,9,13902972.0,274200.0,50.7,0.0,0.0,97.57,1100.0,26.6,7.0,14.43,0.19,85.38,2,45.62,15.6,0.322,0.196,0.482
32,32,0,47382633.0,678500.0,69.8,0.28,-1.8,67.24,1800.0,85.3,10.1,15.19,0.97,83.84,2,17.91,9.83,0.564,0.082,0.353
33,33,9,8090068.0,27830.0,290.7,0.0,-0.06,69.29,600.0,51.6,3.4,35.05,14.02,50.93,2,42.22,13.46,0.463,0.203,0.334
34,34,0,13881427.0,181040.0,76.7,0.24,0.0,71.48,1900.0,69.4,2.6,20.96,0.61,78.43,2,26.9,9.06,0.35,0.3,0.35
35,35,9,17340702.0,475440.0,36.5,0.08,0.0,68.26,1800.0,79.0,5.7,12.81,2.58,84.61,1,33.89,13.47,0.448,0.17,0.382
36,36,7,33098932.0,9984670.0,3.3,2.02,5.96,4.75,29800.0,97.0,552.2,4.96,0.02,95.02,2,10.78,7.8,0.022,0.294,0.684
37,37,9,420979.0,4033.0,104.4,23.93,-12.07,47.77,1400.0,76.6,169.6,9.68,0.5,89.82,4,24.87,6.55,0.121,0.219,0.66
38,38,4,45436.0,262.0,173.4,61.07,18.75,8.19,35000.0,98.0,836.3,3.85,0.0,96.15,2,12.74,4.89,0.014,0.032,0.954
39,39,9,4303356.0,622984.0,6.9,0.0,0.0,91.0,1100.0,51.0,2.3,3.1,0.14,96.76,2,33.91,18.65,0.55,0.2,0.25
40,40,9,9944201.0,1284000.0,7.7,0.0,-0.11,93.82,1200.0,47.5,1.3,2.86,0.02,97.12,2,45.73,16.38,0.335,0.259,0.406
41,41,4,16134219.0,756950.0,21.3,0.85,0.0,8.8,9900.0,96.2,213.0,2.65,0.42,96.93,4,15.23,5.81,0.06,0.493,0.447
42,42,0,1313973713.0,9596960.0,136.9,0.15,-0.4,24.18,5000.0,90.9,266.7,15.4,1.25,83.35,1,13.25,6.97,0.125,0.473,0.403
43,43,4,43593035.0,1138910.0,38.3,0.28,-0.31,20.97,6300.0,92.5,176.2,2.42,1.67,95.91,2,20.48,5.58,0.125,0.342,0.533
44,44,9,690948.0,2170.0,318.4,15.67,0.0,74.93,700.0,56.5,24.5,35.87,23.32,40.81,2,36.93,8.2,0.4,0.04,0.56
45,45,9,62660551.0,2345410.0,26.7,0.0,0.0,94.69,700.0,65.5,0.2,2.96,0.52,96.52,2,43.69,13.27,0.55,0.11,0.34
46,46,9,3702314.0,342000.0,10.8,0.05,-0.17,93.86,700.0,83.8,3.7,0.51,0.13,99.36,2,42.57,12.93,0.062,0.57,0.369
47,47,8,21388.0,240.0,89.1,50.0,0.038124999999999985,35.50696428571428,5000.0,95.0,289.9,17.39,13.04,69.57,2,21.0,9.241345291479819,0.151,0.096,0.753
48,48,4,4075261.0,51100.0,79.8,2.52,0.51,9.95,9100.0,96.0,340.7,4.41,5.88,89.71,2,18.32,4.36,0.088,0.299,0.614
49,49,9,17654843.0,322460.0,54.8,0.16,-0.07,90.83,1400.0,50.9,14.6,9.75,13.84,76.41,2,35.11,14.84,0.279,0.171,0.55
50,50,3,4494749.0,56542.0,79.5,10.32,1.58,6.84,10600.0,98.5,420.4,26.09,2.27,71.65,2,9.61,11.48,0.07,0.308,0.622
51,51,4,11382820.0,110860.0,102.7,3.37,-1.58,6.33,2900.0,97.0,74.7,33.05,7.6,59.35,2,11.89,7.22,0.055,0.261,0.684
52,52,5,784301.0,9250.0,84.8,7.01,0.43,7.18,19200.0,97.6,236.06143497757847,7.79,4.44,87.77,4,12.56,7.68,0.037,0.198,0.765
53,53,3,10235455.0,78866.0,129.8,0.0,0.97,3.93,15700.0,99.9,314.3,39.8,3.05,57.15,4,9.02,10.59,0.034,0.393,0.573
54,54,10,5450661.0,43094.0,126.5,16.97,2.48,4.56,31100.0,100.0,614.6,54.02,0.19,45.79,4,11.13,10.36,0.018,0.246,0.735
55,55,9,486530.0,23000.0,21.2,1.37,0.0,104.13,1300.0,67.9,22.8,0.04,0.0,99.96,0,39.53,19.31,0.179,0.225,0.596
56,56,4,68910.0,754.0,91.4,19.63,-13.87,14.15,5400.0,94.0,304.8,6.67,20.0,73.33,2,15.27,6.73,0.177,0.328,0.495
57,57,4,9183984.0,48730.0,188.5,2.64,-3.22,32.38,6000.0,84.7,97.4,22.65,10.33,67.02,2,23.22,5.73,0.112,0.306,0.582
58,58,0,1062777.0,15007.0,70.8,4.7,0.0,47.41,500.0,58.6,236.06143497757847,4.71,0.67,94.62,2,26.99,6.24,0.085,0.231,0.684
59,59,4,13547510.0,283560.0,47.8,0.79,-8.58,23.66,3300.0,92.5,125.6,5.85,4.93,89.22,2,22.29,4.23,0.07,0.312,0.618
60,60,6,78887007.0,1001450.0,78.8,0.24,-0.22,32.59,4000.0,57.7,131.8,2.87,0.48,96.65,0,22.94,5.23,0.149,0.357,0.493
61,61,4,6822378.0,21040.0,324.3,1.46,-3.74,25.1,4800.0,80.2,142.4,31.85,12.07,56.08,2,26.61,5.78,0.099,0.302,0.599
62,62,9,540109.0,28051.0,19.3,1.06,0.0,85.13,2700.0,85.7,18.5,4.63,3.57,91.8,2,35.59,15.06,0.03,0.906,0.062
63,63,9,4786994.0,121320.0,39.5,1.84,0.0,74.87,700.0,58.6,7.9,4.95,0.03,95.02,1,34.33,9.6,0.102,0.254,0.643
64,64,1,1324333.0,45226.0,29.3,8.39,-3.16,7.87,12300.0,99.8,333.8,16.04,0.45,83.51,4,10.04,13.25,0.04,0.294,0.666
65,65,9,74777981.0,1127127.0,66.3,0.0,0.0,95.32,700.0,42.7,8.2,10.71,0.75,88.54,2,37.98,14.86,0.475,0.099,0.426
66,66,10,47246.0,1399.0,33.8,79.84,1.41,6.24,22000.0,82.83827751196175,503.8,2.14,0.0,97.86,2,14.05,8.7,0.27,0.11,0.62
67,67,8,905949.0,18270.0,49.6,6.18,-3.14,12.62,5800.0,93.7,112.6,10.95,4.65,84.4,2,22.55,5.65,0.089,0.135,0.776
68,68,10,5231372.0,338145.0,15.5,0.37,0.95,3.57,27400.0,100.0,405.3,7.19,0.03,92.78,4,10.45,9.86,0.028,0.295,0.676
69,69,10,60876136.0,547030.0,111.3,0.63,0.66,4.26,27600.0,99.0,586.4,33.53,2.07,64.4,5,11.99,9.14,0.022,0.214,0.764
70,70,4,199509.0,91000.0,2.2,0.42,6.27,12.07,8300.0,83.0,255.6,0.14,0.05,99.81,2,20.46,4.88,0.066,0.156,0.778
71,71,8,274578.0,4167.0,65.9,60.6,2.94,8.44,17500.0,98.0,194.5,0.82,5.46,93.72,2,16.68,4.69,0.031,0.19,0.769
72,72,9,1424906.0,267667.0,5.3,0.33,0.0,53.64,5500.0,63.2,27.4,1.26,0.66,98.08,2,36.16,12.25,0.061,0.592,0.348
73,73,9,1641564.0,11300.0,145.3,0.71,1.57,72.02,1700.0,40.1,26.8,25.0,0.5,74.5,2,39.37,12.25,0.308,0.142,0.549
74,74,5,1428757.0,360.0,3968.8,11.11,1.6,22.93,600.0,82.83827751196175,244.3,28.95,21.05,50.0,4,39.45,3.8,0.03,0.283,0.687
75,75,2,4661473.0,69700.0,66.9,0.44,-4.7,18.59,2500.0,99.0,146.6,11.44,3.86,84.7,4,10.41,9.23,0.172,0.275,0.553
76,76,10,82422299.0,357021.0,230.9,0.67,2.18,4.16,27600.0,99.0,667.9,33.85,0.59,65.56,4,8.25,10.62,0.009,0.296,0.695
77,77,9,22409572.0,239460.0,93.6,0.23,-0.64,51.43,2200.0,74.8,14.4,16.26,9.67,74.07,2,30.52,9.72,0.366,0.246,0.387
78,78,10,27928.0,7.0,3989.7,171.43,0.0,5.13,17500.0,82.83827751196175,877.7,0.0,0.0,100.0,2,10.74,9.31,0.15084433962264152,0.28271090047393366,0.5652830188679244
79,79,10,10688058.0,131940.0,81.0,10.37,2.35,5.53,20000.0,97.5,589.7,21.1,8.78,70.12,4,9.68,10.24,0.054,0.213,0.733
80,80,7,56361.0,2166086.0,0.0,2.04,-8.37,15.82,20000.0,82.83827751196175,448.9,0.0,0.0,100.0,0,15.93,7.84,0.15084433962264152,0.28271090047393366,0.5652830188679244
81,81,4,89703.0,344.0,260.8,35.17,-13.92,14.62,5000.0,98.0,364.5,5.88,29.41,64.71,2,22.08,6.88,0.054,0.18,0.766
82,82,4,452776.0,1780.0,254.4,17.19,-0.15,8.6,8000.0,90.0,463.8,11.24,3.55,85.21,2,15.05,6.09,0.15,0.17,0.68
83,83,8,171019.0,541.0,316.1,23.2,0.0,6.94,21000.0,99.0,492.0,9.09,16.36,74.55,2,18.79,4.48,0.15084433962264152,0.28271090047393366,0.5652830188679244
84,84,4,12293545.0,108890.0,112.9,0.37,-1.67,35.93,4100.0,70.6,92.1,12.54,5.03,82.43,2,29.88,5.2,0.227,0.188,0.585
85,85,10,65409.0,78.0,838.6,64.1,3.84,4.71,20000.0,82.83827751196175,842.4,13.79711111111111,4.564222222222223,81.63831111111112,4,8.81,10.01,0.03,0.1,0.87
86,86,9,9690222.0,245857.0,39.4,0.13,-3.06,90.37,2100.0,35.9,2.7,3.63,2.58,93.79,2,41.76,15.48,0.237,0.362,0.401
87,87,9,1442029.0,36120.0,39.9,0.97,-1.57,107.17,800.0,42.4,7.4,10.67,8.82,80.51,2,37.22,16.53,0.62,0.12,0.26
88,88,4,767245.0,214970.0,3.6,0.21,-2.07,33.26,4000.0,98.8,143.5,2.44,0.15,97.41,2,18.28,8.28,0.37,0.203,0.427
89,89,4,8308504.0,27750.0,299.4,6.38,-3.4,73.45,1600.0,52.9,16.9,28.3,11.61,60.09,2,36.44,12.17,0.28,0.2,0.52
90,90,4,7326496.0,112090.0,65.4,0.73,-1.99,29.32,2600.0,76.2,67.5,9.55,3.22,87.23,2,28.24,5.28,0.139,0.312,0.549
91,91,0,6940432.0,1092.0,6355.7,67.12,5.24,2.97,28800.0,93.5,546.7,5.05,1.01,93.94,2,7.29,6.29,0.001,0.092,0.906
92,92,3,9981334.0,93030.0,107.3,0.0,0.86,8.57,13900.0,99.4,336.2,50.09,2.06,47.85,4,9.72,13.11,0.037,0.312,0.651
93,93,10,299388.0,103000.0,2.9,4.83,2.38,3.31,30900.0,99.9,647.7,0.07,0.0,99.93,4,13.64,6.72,0.086,0.15,0.765
94,94,0,1095351995.0,3287590.0,333.2,0.21,-0.07,56.29,2900.0,59.5,45.4,54.4,2.74,42.86,3,22.01,8.18,0.186,0.276,0.538
95,95,0,245452739.0,1919440.0,127.9,2.85,0.0,35.6,3200.0,87.9,52.0,11.32,7.23,81.45,2,20.34,6.25,0.134,0.458,0.408
96,96,0,68688433.0,1648000.0,41.7,0.15,-0.84,41.58,7000.0,79.4,276.4,8.72,1.39,89.89,0,17.0,5.55,0.116,0.424,0.46
97,97,5,26783383.0,437072.0,61.3,0.01,0.0,50.25,1500.0,40.4,38.6,13.15,0.78,86.07,0,31.98,5.37,0.073,0.666,0.261
98,98,10,4062235.0,70280.0,57.8,2.06,4.99,5.39,29600.0,98.0,500.5,15.2,0.03,84.77,4,14.45,7.82,0.05,0.46,0.49
99,99,10,75441.0,572.0,131.9,27.97,5.36,5.93,21000.0,82.83827751196175,676.0,9.0,0.0,91.0,4,11.05,11.19,0.01,0.13,0.86
100,100,5,6352117.0,20770.0,305.8,1.31,0.68,7.03,19800.0,95.4,462.3,16.39,4.17,79.44,4,17.97,6.18,0.026,0.317,0.657
101,101,10,58133509.0,301230.0,193.0,2.52,2.07,5.94,26700.0,98.6,430.9,27.79,9.53,62.68,2,8.72,10.4,0.021,0.291,0.688
102,102,4,2758124.0,10991.0,250.9,9.3,-4.92,12.36,3900.0,87.9,124.0,16.07,10.16,73.77,2,20.82,6.52,0.049,0.337,0.615
103,103,0,127463611.0,377835.0,337.4,7.87,0.0,3.26,28200.0,99.0,461.2,12.19,0.96,86.85,4,9.37,9.16,0.017,0.258,0.725
104,104,10,91084.0,116.0,785.2,60.34,2.76,5.24,24800.0,82.83827751196175,811.3,0.0,0.0,100.0,4,9.3,9.28,0.05,0.02,0.93
105,105,5,5906760.0,92300.0,64.0,0.03,6.59,17.35,4300.0,91.3,104.5,2.67,1.83,95.5,0,21.25,2.65,0.033,0.287,0.68
106,106,2,15233244.0,2717300.0,5.6,0.0,-3.35,29.21,6300.0,98.4,164.1,7.98,0.05,91.97,5,16.0,9.42,0.067,0.386,0.547
107,107,9,34707817.0,582650.0,59.6,0.09,-0.1,61.47,1000.0,85.1,8.1,8.08,0.98,90.94,1,39.72,14.02,0.163,0.188,0.651
108,108,8,105432.0,811.0,130.0,140.94,0.0,48.52,800.0,82.83827751196175,42.7,2.74,50.68,46.58,2,30.65,8.26,0.089,0.242,0.668
109,109,0,23113019.0,120540.0,191.8,2.07,0.0,24.04,1300.0,99.0,42.4,20.76,2.49,76.75,4,15.54,7.13,0.3,0.34,0.36
110,110,0,48846823.0,98480.0,496.0,2.45,0.0,7.05,17800.0,97.9,486.1,17.18,1.95,80.87,4,10.0,5.85,0.033,0.403,0.563
111,111,5,2418393.0,17820.0,135.7,2.8,14.18,9.95,19000.0,83.5,211.0,0.73,0.11,99.16,0,21.94,2.41,0.004,0.479,0.516
112,112,2,5213898.0,198500.0,26.3,0.0,-2.45,35.64,1600.0,97.0,84.0,7.3,0.35,92.35,3,22.8,7.08,0.353,0.208,0.439
113,113,0,6368481.0,236800.0,26.9,0.0,0.0,85.22,1700.0,66.4,14.1,3.8,0.35,95.85,2,35.49,11.55,0.455,0.287,0.258
114,114,1,2274735.0,64589.0,35.2,0.82,-2.23,9.55,10200.0,99.8,321.4,29.67,0.47,69.86,4,9.24,13.66,0.04,0.261,0.699
115,115,5,3874050.0,10400.0,372.5,2.16,0.0,24.52,4800.0,87.4,255.6,16.62,13.98,69.4,2,18.52,6.21,0.12,0.21,0.67
116,116,9,2022331.0,30355.0,66.6,0.0,-0.74,84.23,3000.0,84.8,23.7,10.87,0.13,89.0,4,24.75,28.71,0.163,0.443,0.394
117,117,9,3042004.0,111370.0,27.3,0.52,0.0,128.87,1000.0,57.5,2.3,3.95,2.28,93.77,2,44.77,23.1,0.769,0.054,0.177
118,118,6,5900754.0,1759540.0,3.4,0.1,0.0,24.6,6400.0,82.6,127.1,1.03,0.19,98.78,2,26.49,3.48,0.076,0.499,0.425
119,119,10,33987.0,160.0,212.4,0.0,4.85,4.7,25000.0,100.0,585.5,25.0,0.0,75.0,5,10.21,7.18,0.06,0.39,0.55
120,120,1,3585906.0,65200.0,55.0,0.14,-0.71,6.89,11400.0,99.6,223.4,45.22,0.91,53.87,2,8.75,10.98,0.055,0.325,0.62
121,121,10,474413.0,2586.0,183.5,0.0,8.97,4.81,55100.0,100.0,515.4,23.28,0.4,76.32,2,11.94,8.41,0.01,0.13,0.86
122,122,0,453125.0,28.0,16183.0,146.43,4.86,4.39,19400.0,94.5,384.9,0.0,0.0,100.0,2,8.48,4.47,0.001,0.072,0.927
123,123,3,2050554.0,25333.0,80.9,0.0,-1.45,10.09,6700.0,82.83827751196175,260.0,22.26,1.81,75.93,4,12.02,8.77,0.118,0.319,0.563
124,124,9,18595469.0,587040.0,31.7,0.82,0.0,76.83,800.0,68.9,3.6,5.07,1.03,93.91,2,41.41,11.11,0.276,0.165,0.559
125,125,9,13013926.0,118480.0,109.8,0.0,0.0,103.32,600.0,62.7,7.9,23.38,1.49,75.13,2,43.13,19.33,0.342,0.158,0.499
126,126,0,24385858.0,329750.0,74.0,1.42,0.0,17.7,9000.0,88.7,179.0,5.48,17.61,76.91,2,22.86,5.05,0.084,0.48,0.436
127,127,0,359008.0,300.0,1196.7,214.67,0.0,56.52,3900.0,97.2,90.0,13.33,16.67,70.0,2,34.81,7.06,0.2,0.18,0.62
128,128,9,11716829.0,1240000.0,9.5,0.0,-0.33,116.79,900.0,46.4,6.4,3.82,0.03,96.15,2,49.82,16.89,0.45,0.17,0.38
129,129,10,400214.0,316.0,1266.5,62.28,2.07,3.89,17700.0,92.8,505.0,28.13,3.13,68.74,2,10.22,8.1,0.03,0.23,0.74
130,130,8,60422.0,11854.0,5.1,3.12,-6.04,29.45,1600.0,93.7,91.2,16.67,38.89,44.44,2,33.05,4.78,0.317,0.149,0.534
131,131,4,436131.0,1100.0,396.5,31.82,-0.05,7.09,14400.0,97.7,394.4,10.38,9.43,80.19,2,13.74,6.48,0.06,0.11,0.83
132,132,9,3177388.0,1030700.0,3.1,0.07,0.0,70.89,1800.0,41.7,12.9,0.48,0.01,99.51,0,40.99,12.16,0.25,0.29,0.46
133,133,9,1240827.0,2040.0,608.3,8.68,-0.9,15.03,11400.0,85.6,289.3,49.26,2.96,47.78,2,15.43,6.86,0.059,0.298,0.643
134,134,9,201234.0,374.0,538.1,49.52,6.78,62.4,2600.0,82.83827751196175,49.7,13.79711111111111,4.564222222222223,81.63831111111112,2,40.95,7.7,0.15084433962264152,0.28271090047393366,0.5652830188679244
135,135,4,107449525.0,1972550.0,54.5,0.47,-4.87,20.91,9000.0,92.2,181.6,12.99,1.31,85.7,1,20.69,4.74,0.038,0.259,0.702
136,136,8,108004.0,702.0,153.9,870.66,-20.99,30.21,2000.0,89.0,114.8,5.71,45.71,48.58,2,24.68,4.75,0.289,0.152,0.559
137,137,2,4466706.0,33843.0,132.0,0.0,-0.26,40.42,1800.0,99.1,208.1,55.3,10.79,33.91,2,15.7,12.64,0.213,0.233,0.555
138,138,10,32543.0,2.0,16271.5,205.0,7.75,5.43,27000.0,99.0,1035.6,0.0,0.0,100.0,2,9.19,12.91,0.17,0.28271090047393366,0.5652830188679244
139,139,0,2832224.0,1564116.0,1.8,0.0,0.0,53.79,1800.0,97.8,55.1,0.77,0.0,99.23,0,21.59,6.95,0.206,0.214,0.58
140,140,4,9439.0,102.0,92.5,39.22,0.0,7.35,3400.0,97.0,236.06143497757847,20.0,0.0,80.0,2,17.59,7.1,0.15084433962264152,0.28271090047393366,0.5652830188679244
141,141,6,33241259.0,446550.0,74.4,0.41,-0.98,41.62,4000.0,51.7,40.4,19.61,2.17,78.22,2,21.98,5.58,0.217,0.357,0.426
142,142,9,19686505.0,801590.0,24.6,0.31,0.0,130.79,1200.0,47.8,3.5,5.1,0.3,94.6,2,35.18,21.35,0.262,0.348,0.39
143,144,9,2044147.0,825418.0,2.5,0.19,0.0,48.98,7200.0,84.0,62.6,0.99,0.0,99.01,0,24.32,18.86,0.097,0.315,0.588
144,145,8,13287.0,21.0,632.7,142.86,0.0,9.95,5000.0,82.83827751196175,143.0,0.0,0.0,100.0,2,24.76,6.7,0.15084433962264152,0.28271090047393366,0.5652830188679244
145,146,0,28287147.0,147181.0,192.2,0.0,0.0,66.98,1400.0,45.2,15.9,21.68,0.64,77.68,2,30.98,9.31,0.38,0.21,0.41
146,147,10,16491461.0,41526.0,397.1,1.09,2.91,5.04,28600.0,99.0,460.8,26.71,0.97,72.32,4,10.9,8.68,0.021,0.244,0.736
147,148,4,221736.0,960.0,231.0,37.92,-0.41,10.03,11400.0,96.7,365.3,10.0,0.0,90.0,2,14.78,6.45,0.01,0.15,0.84
148,149,8,219246.0,19060.0,11.5,11.83,0.0,7.72,15000.0,91.0,252.2,0.38,0.33,99.29,2,18.11,5.69,0.15,0.088,0.762
149,150,8,4076140.0,268680.0,15.2,5.63,4.05,5.85,21600.0,99.0,441.7,5.6,6.99,87.41,4,13.76,7.53,0.043,0.273,0.684
150,151,4,5570129.0,129494.0,43.0,0.7,-1.22,29.11,2300.0,67.5,39.7,15.94,1.94,82.12,2,24.51,4.45,0.165,0.275,0.56
151,152,9,12525094.0,1267000.0,9.9,0.0,-0.67,121.69,800.0,17.6,1.9,3.54,0.01,96.45,0,50.73,20.91,0.39,0.17,0.44
152,153,9,131859731.0,923768.0,142.7,0.09,0.26,98.8,900.0,68.0,9.3,31.29,2.96,65.75,1,40.43,16.94,0.269,0.487,0.244
153,143,8,82459.0,477.0,172.9,310.69,9.61,7.11,12500.0,97.0,254.7,13.04,4.35,82.61,2,19.43,2.29,0.15084433962264152,0.28271090047393366,0.5652830188679244
154,154,10,4610820.0,323802.0,14.2,7.77,1.74,3.7,37800.0,100.0,461.7,2.87,0.0,97.13,4,11.46,9.4,0.021,0.415,0.564
155,155,5,3102229.0,212460.0,14.6,0.98,0.28,19.51,13100.0,75.8,85.5,0.0,0.14,99.74,0,36.24,3.81,0.027,0.39,0.583
156,156,0,165803560.0,803940.0,206.2,0.13,-2.77,72.44,2100.0,45.7,31.8,27.87,0.87,71.26,0,29.74,8.23,0.216,0.251,0.533
157,157,8,20579.0,458.0,44.9,331.66,2.85,14.84,9000.0,92.0,325.6,8.7,4.35,86.95,2,18.03,6.8,0.062,0.12,0.818
158,158,4,3191319.0,78200.0,40.8,3.18,-0.91,20.47,6300.0,92.6,137.9,7.36,1.98,90.66,2,21.74,5.36,0.068,0.156,0.776
159,159,8,5670544.0,462840.0,12.3,1.11,0.0,51.45,2200.0,64.6,10.9,0.46,1.44,98.1,2,29.36,7.25,0.353,0.381,0.266
160,160,4,6506464.0,406750.0,16.0,0.0,-0.08,25.63,4700.0,94.0,49.2,7.6,0.23,92.17,2,29.1,4.49,0.224,0.207,0.569
161,161,4,28302603.0,1285220.0,22.0,0.19,-1.05,31.94,5100.0,90.9,79.5,2.89,0.4,96.71,1,20.48,6.23,0.08,0.27,0.65
162,162,0,89468677.0,300000.0,298.2,12.1,-1.5,23.51,4600.0,92.6,38.4,18.95,16.77,64.28,2,24.89,5.41,0.144,0.326,0.53
163,163,3,38536869.0,312685.0,123.3,0.16,-0.49,8.51,11100.0,99.8,306.3,45.91,1.12,52.97,4,9.85,9.89,0.05,0.311,0.64
164,164,10,10605870.0,92391.0,114.8,1.94,3.57,5.05,18000.0,93.3,399.2,21.75,7.81,70.44,4,10.72,10.5,0.053,0.274,0.673
165,165,4,3927188.0,13790.0,284.8,3.63,-1.46,8.24,16800.0,94.1,283.1,3.95,5.52,90.53,2,12.77,7.65,0.01,0.45,0.54
166,166,5,885359.0,11437.0,77.4,4.92,16.29,18.61,21500.0,82.5,232.0,1.64,0.27,98.09,0,15.56,4.72,0.002,0.801,0.197
167,167,9,787584.0,2517.0,312.9,8.22,0.0,7.78,5800.0,88.9,380.9,13.6,1.2,85.2,2,18.9,5.49,0.08,0.19,0.73
168,168,3,22303552.0,237500.0,93.9,0.09,-0.13,26.43,7000.0,98.4,196.9,40.82,2.25,56.93,4,10.7,11.77,0.101,0.35,0.549
169,169,2,142893540.0,17075200.0,8.4,0.22,1.02,15.39,8900.0,99.6,280.6,7.33,0.11,92.56,2,9.95,14.65,0.054,0.371,0.575
170,170,9,8648248.0,26338.0,328.4,0.0,0.0,91.23,1300.0,70.4,2.7,40.54,12.16,47.3,4,40.37,16.09,0.401,0.229,0.37
171,171,9,7502.0,413.0,18.2,14.53,0.0,19.0,2500.0,97.0,293.3,12.9,0.0,87.1,2,12.13,6.53,0.15084433962264152,0.28271090047393366,0.5652830188679244
172,172,4,39129.0,261.0,149.9,51.72,-7.11,14.49,8800.0,97.0,638.9,19.44,2.78,77.78,2,18.02,8.33,0.035,0.258,0.707
173,173,4,168458.0,616.0,273.5,25.65,-2.67,13.53,5400.0,67.0,303.3,6.56,22.95,70.49,2,19.68,5.08,0.07,0.2,0.73
174,191,7,7026.0,242.0,29.0,49.59,-4.86,7.54,6900.0,99.0,683.2,13.04,0.0,86.96,2,13.52,6.83,0.15084433962264152,0.28271090047393366,0.5652830188679244
175,174,4,117848.0,389.0,303.0,21.59,-7.64,14.78,2900.0,96.0,190.9,17.95,17.95,64.1,2,16.18,5.98,0.1,0.26,0.64
176,175,8,176908.0,2944.0,60.1,13.69,-11.7,27.71,5600.0,99.7,75.2,21.2,24.38,54.42,2,16.43,6.62,0.114,0.584,0.302
177,176,10,29251.0,61.0,479.5,0.0,10.98,5.73,34600.0,96.0,704.3,16.67,0.0,83.33,2,10.02,8.17,0.15084433962264152,0.28271090047393366,0.5652830188679244
178,177,9,193413.0,1001.0,193.2,20.88,-2.72,43.11,1200.0,79.3,36.2,6.25,48.96,44.79,2,40.25,6.47,0.167,0.148,0.684
179,178,5,27019731.0,1960582.0,13.8,0.13,-2.71,13.24,11800.0,78.8,140.6,1.67,0.09,98.24,0,29.34,2.58,0.033,0.613,0.354
180,179,9,11987121.0,196190.0,61.1,0.27,0.2,55.51,1600.0,40.2,22.2,12.78,0.21,87.01,2,32.78,9.42,0.172,0.209,0.619
181,180,3,9396411.0,88361.0,106.3,0.0,-1.33,12.89,2200.0,93.0,285.8,33.35,3.2,63.45,2,22.114732142857147,9.241345291479819,0.166,0.255,0.579
182,181,9,81541.0,455.0,179.2,107.91,-5.69,15.53,7800.0,58.0,262.4,2.22,13.33,84.45,2,16.03,6.29,0.032,0.304,0.665
183,182,9,6005250.0,71740.0,83.7,0.56,0.0,143.64,500.0,31.4,4.0,6.98,0.89,92.13,2,45.76,23.03,0.49,0.31,0.21
184,183,0,4492150.0,693.0,6482.2,27.85,11.53,2.29,23700.0,92.5,411.4,1.64,0.0,98.36,2,9.34,4.28,0.0,0.339,0.661
185,184,3,5439448.0,48845.0,111.4,0.0,0.3,7.41,13300.0,82.83827751196175,220.1,30.16,2.62,67.22,4,10.65,9.45,0.035,0.294,0.672
186,185,3,2010347.0,20273.0,99.2,0.23,1.12,4.45,19000.0,99.7,406.1,8.6,1.49,89.91,2,8.98,10.31,0.028,0.369,0.603
187,186,8,552438.0,28450.0,19.4,18.67,0.0,21.29,1700.0,82.83827751196175,13.4,0.64,2.0,97.36,2,30.01,3.92,0.42,0.11,0.47
188,187,9,8863338.0,637657.0,13.9,0.47,5.37,116.7,500.0,37.8,11.3,1.67,0.04,98.29,0,45.13,16.63,0.65,0.1,0.25
189,188,9,44187637.0,1219912.0,36.2,0.23,-0.29,61.81,10700.0,86.4,107.0,12.08,0.79,87.13,0,18.2,22.0,0.025,0.303,0.671
190,189,10,40397842.0,504782.0,80.0,0.98,0.99,4.42,22000.0,97.9,453.5,26.07,9.87,64.06,4,10.06,9.72,0.04,0.295,0.665
191,190,0,20222240.0,65610.0,308.2,2.04,-1.31,14.35,3700.0,92.3,61.5,13.86,15.7,70.44,2,15.51,6.52,0.178,0.276,0.545
192,192,9,41236378.0,2505810.0,16.5,0.03,-0.02,62.5,1900.0,61.1,16.3,6.83,0.18,92.99,2,34.53,8.97,0.387,0.203,0.41
193,193,4,439117.0,163270.0,2.7,0.24,-8.81,23.57,4000.0,93.0,184.7,0.37,0.06,99.57,2,18.02,7.27,0.13,0.22,0.65
194,194,9,1136334.0,17363.0,65.5,0.0,0.0,69.27,4900.0,81.6,30.8,10.35,0.7,88.95,3,27.41,29.74,0.119,0.515,0.366
195,195,10,9016596.0,449964.0,20.0,0.72,1.67,2.77,26800.0,99.0,715.0,6.54,0.01,93.45,4,10.27,10.31,0.011,0.282,0.707
196,196,10,7523934.0,41290.0,182.2,0.0,4.05,4.39,32700.0,99.0,680.9,10.42,0.61,88.97,4,9.71,8.49,0.015,0.34,0.645
197,197,5,18881361.0,185180.0,102.0,0.1,0.0,29.53,3300.0,76.9,153.8,25.22,4.43,70.35,0,27.76,4.81,0.249,0.23,0.519
198,198,0,23036087.0,35980.0,640.3,4.35,0.0,6.4,23400.0,96.1,591.0,24.0,1.0,75.0,2,12.56,6.48,0.018,0.259,0.723
199,199,2,7320815.0,143100.0,51.2,0.0,-2.86,110.76,1000.0,99.4,33.5,6.61,0.92,92.47,2,32.65,8.25,0.234,0.286,0.48
200,200,9,37445392.0,945087.0,39.6,0.15,-2.06,98.54,600.0,78.2,4.0,4.52,1.08,94.4,2,37.71,16.39,0.432,0.172,0.396
201,201,0,64631595.0,514000.0,125.7,0.63,0.0,20.48,7400.0,92.6,108.9,29.36,6.46,64.18,2,13.87,7.04,0.099,0.441,0.46
202,202,9,5548702.0,56785.0,97.7,0.1,0.0,66.61,1500.0,60.9,10.6,46.15,2.21,51.64,2,37.01,9.83,0.395,0.204,0.401
203,203,8,114689.0,748.0,153.3,56.02,0.0,12.62,2200.0,98.5,97.7,23.61,43.06,33.33,2,25.37,5.28,0.23,0.27,0.5
204,204,4,1065842.0,5128.0,207.9,7.06,-10.83,24.31,9500.0,98.6,303.5,14.62,9.16,76.22,2,12.9,10.57,0.007,0.57,0.423
205,205,6,10175014.0,163610.0,62.2,0.7,-0.57,24.77,6900.0,74.2,123.6,17.86,13.74,68.4,4,15.52,5.13,0.132,0.318,0.55
206,206,5,70413958.0,780580.0,90.2,0.92,0.0,41.04,6700.0,86.5,269.5,30.93,3.31,65.76,4,16.62,5.97,0.117,0.298,0.585
207,207,2,5042920.0,488100.0,10.3,0.0,-0.86,73.08,5800.0,98.0,74.6,3.72,0.14,96.14,0,27.61,8.6,0.209,0.38,0.411
208,208,4,21152.0,430.0,49.2,90.47,11.68,15.67,9600.0,98.0,269.5,2.33,0.0,97.67,2,21.84,4.21,0.15084433962264152,0.28271090047393366,0.5652830188679244
209,209,8,11810.0,26.0,454.2,92.31,0.0,20.03,1100.0,82.83827751196175,59.3,0.0,0.0,100.0,2,22.18,7.11,0.166,0.272,0.562
210,210,9,28195754.0,236040.0,119.5,0.0,0.0,67.83,1400.0,69.9,3.6,25.88,10.65,63.47,2,47.35,12.24,0.311,0.222,0.469
211,211,2,46710816.0,603700.0,77.4,0.46,-0.39,20.34,5400.0,99.7,259.9,56.21,1.61,42.18,4,8.82,14.39,0.187,0.452,0.361
212,212,5,2602713.0,82880.0,31.4,1.59,1.03,14.51,23200.0,77.9,475.3,0.6,2.25,97.15,0,18.96,4.4,0.04,0.585,0.375
213,213,10,60609153.0,244820.0,247.6,5.08,2.19,5.16,27700.0,99.0,543.5,23.46,0.21,76.33,4,10.71,10.13,0.005,0.237,0.758
214,214,7,298444215.0,9631420.0,31.0,0.21,3.41,6.5,37800.0,97.0,898.0,19.13,0.22,80.65,4,14.14,8.26,0.01,0.204,0.787
215,215,4,3431932.0,176220.0,19.5,0.37,-0.32,11.95,12800.0,98.0,291.4,7.43,0.23,92.34,4,13.91,9.05,0.093,0.311,0.596
216,216,2,27307134.0,447400.0,61.0,0.0,-1.72,71.1,1700.0,99.3,62.9,10.83,0.83,88.34,0,26.36,7.84,0.342,0.229,0.43
217,217,8,208869.0,12200.0,17.1,20.72,0.0,55.16,2900.0,53.0,32.6,2.46,7.38,90.16,2,22.72,7.82,0.26,0.12,0.62
218,218,4,25730435.0,912050.0,28.2,0.31,-0.04,22.2,4800.0,93.4,140.1,2.95,0.92,96.13,2,18.71,4.92,0.04,0.419,0.541
219,219,0,84402966.0,329560.0,256.1,1.05,-0.45,25.95,2500.0,90.3,187.7,19.97,5.95,74.08,2,16.86,6.22,0.209,0.41,0.381
220,220,4,108605.0,1910.0,56.9,9.84,-8.94,8.03,17200.0,82.83827751196175,652.8,11.76,2.94,85.3,2,13.96,6.43,0.01,0.19,0.8
221,221,8,16025.0,274.0,58.5,47.08,0.038124999999999985,35.50696428571428,3700.0,50.0,118.6,5.0,25.0,70.0,2,22.114732142857147,9.241345291479819,0.15084433962264152,0.28271090047393366,0.5652830188679244
222,222,5,2460492.0,5860.0,419.9,0.0,2.98,19.62,800.0,82.83827751196175,145.2,16.9,18.97,64.13,4,31.67,3.92,0.09,0.28,0.63
223,223,6,273008.0,266000.0,1.0,0.42,0.038124999999999985,35.50696428571428,9689.823008849558,82.83827751196175,236.06143497757847,0.02,0.0,99.98,0,22.114732142857147,9.241345291479819,0.15084433962264152,0.28271090047393366,0.4
224,224,5,21456188.0,527970.0,40.6,0.36,0.0,61.5,800.0,50.2,37.2,2.78,0.24,96.98,0,42.89,8.3,0.135,0.472,0.393
225,225,9,11502010.0,752614.0,15.3,0.0,0.0,88.29,800.0,80.6,8.2,7.08,0.03,92.9,2,41.0,19.93,0.22,0.29,0.489
226,226,9,12236805.0,390580.0,31.3,0.0,0.0,67.69,1900.0,90.7,26.8,8.32,0.34,91.34,2,28.01,21.84,0.179,0.243,0.579
